"np"	"lnLik"	"AICc"	"dAICc"	"AICcwt"
"BM1"	2	-88.1798072991889	180.497545632861	33.9527523663486	4.15456153151753e-08
"OU1"	3	-74.0299497672039	154.33896930185	7.79417603533781	0.0198970125105028
"OUM"	4	-69.0371025156089	146.544793266512	0	0.980102945943882
