"np"	"lnLik"	"AICc"	"dAICc"	"AICcwt"
"BM1"	2	-139.978051838075	284.094034710633	160.819199910387	1.1982693405424e-35
"OU1"	3	-83.5065692811951	173.292208329832	50.0173735295862	1.37678250402929e-11
"OUM"	4	-57.4021232824759	123.274834800246	0	0.999999999986232
