"Log-likelihood"	"AICc"	"Delta_AICc"	"AICcWt"	"K_rates"
"trait_1_eq"	-38.709478935696	79.4644124168466	33.6713003426264	4.0679217460409e-08	1
"trait_1_ard"	-26.1267456601718	56.3914223548264	10.5983102806063	0.00416493974101829	2
"trait_2_eq"	-18.661261919463	45.7931120742202	0	0.833686096049116	4
"trait_2_ard"	-18.0451893148196	49.1024268224104	3.30931474819019	0.159365383262657	6
"trait_3_eq"	-18.5101811607184	57.2703623214368	11.4772502472166	0.00268379496407266	9
"trait_3_ard"	-17.9015742618392	63.8550965756265	18.0619845014063	9.97453039188e-05	12
