Age	mean_Q	min_HPD	max_HPD
129.55917434177564	0.3400486968027038	0.20117074923278294	0.5253986439473873
66.0	0.500011826940783	0.31797973273110014	0.7265418202821563
56.0	0.18081899843102298	0.12782601186661355	0.23318685046175486
23.029999999999994	0.5445060910502946	0.42461792908726764	0.6606244603270147
