"Log-likelihood"	"AICc"	"Delta_AICc"	"AICcWt"	"K_rates"
"trait_1_eq"	-13.378004437794	28.7968252021187	0	0.600523552189251	1
"trait_1_ard"	-12.8867088372395	29.8971290146853	1.10030381256657	0.346419322295792	2
"trait_2_eq"	-12.8042537374482	34.0295601064754	5.23273490435669	0.0438789369817076	4
"trait_2_ard"	-12.1522903880352	37.2078065825221	8.41098138040341	0.00895588780689638	6
"trait_3_eq"	-12.3434855661946	44.6869711323892	15.8901459302706	0.000212827967608279	9
"trait_3_ard"	-11.6624461145533	50.9110991256583	22.1142739235396	9.47275874503483e-06	12
