"Log-likelihood"	"AICc"	"Delta_AICc"	"AICcWt"	"K_rates"
"trait_1_eq"	-13.4637525314458	28.9683213894222	0	0.587543132688578	1
"trait_1_ard"	-12.9216477133156	29.9670067668374	0.998685377415178	0.356597242254913	2
"trait_2_eq"	-12.8119901521628	34.0450329359045	5.07671154648222	0.0464136634794824	4
"trait_2_ard"	-12.1897907151375	37.2828072367267	8.31448584730447	0.00919543106211463	6
"trait_3_eq"	-12.2791239220826	44.5582478441651	15.5899264547429	0.00024195256928965	9
"trait_3_ard"	-11.8255677391742	51.2373423749001	22.2690209854778	8.57794562263642e-06	12
